County,City
Addison,Addison
Addison,Bridport
Addison,Bristol
Addison,Cornwall
Addison,Ferrisburgh
Addison,Goshen
Addison,Granville
Addison,Hancock
Addison,Leicester
Addison,Lincoln
Addison,Middlebury
Addison,Monkton
Addison,New Haven
Addison,Orwell
Addison,Panton
Addison,Ripton
Addison,Salisbury
Addison,Shoreham
Addison,Starksboro
Addison,Vergennes
Addison,Waltham
Addison,Weybridge
Addison,Whiting
Bennington,Arlington
Bennington,Bennington
Bennington,Dorset
Bennington,Glastenbury
Bennington,Landgrove
Bennington,Londonderry
Bennington,Manchester
Bennington,Peru
Bennington,Pownal
Bennington,Readsboro
Bennington,Rupert
Bennington,Sandgate
Bennington,Searsburg
Bennington,Shaftsbury
Bennington,Stamford
Bennington,Sunderland
Bennington,Winhall
Bennington,Woodford
Caledonia,Addison
Caledonia,Albany
Caledonia,Alburgh
Caledonia,Andover
Caledonia,Arlington
Caledonia,Athens
Caledonia,Averill
Caledonia,Bakersfield
Caledonia,Baltimore
Caledonia,Barnard
Caledonia,Barnet
Caledonia,Barre City
Caledonia,Barre Town
Caledonia,Barton
Caledonia,Belvidere
Caledonia,Bennington
Caledonia,Benson
Caledonia,Berkshire
Caledonia,Berlin
Caledonia,Bethel
Caledonia,Bloomfield
Caledonia,Bolton
Caledonia,Bradford
Caledonia,Braintree
Caledonia,Brandon
Caledonia,Brattleboro
Caledonia,Bridgewater
Caledonia,Bridport
Caledonia,Brighton
Caledonia,Bristol
Caledonia,Brookfield
Caledonia,Brookline
Caledonia,Brownington
Caledonia,Brunswick
Caledonia,Buels Gore
Caledonia,Burke
Caledonia,Burlington
Caledonia,Cabot
Caledonia,Calais
Caledonia,Cambridge
Caledonia,Canaan
Caledonia,Castleton
Caledonia,Cavendish
Caledonia,Charleston
Caledonia,Charlotte
Caledonia,Chelsea
Caledonia,Chester
Caledonia,Chittenden
Caledonia,Clarendon
Caledonia,Colchester
Caledonia,Concord
Caledonia,Corinth
Caledonia,Cornwall
Caledonia,Coventry
Caledonia,Craftsbury
Caledonia,Danby
Caledonia,Danville
Caledonia,Derby
Caledonia,Dorset
Caledonia,Dover
Caledonia,Dummerston
Caledonia,Duxbury
Caledonia,East Haven
Caledonia,East Montpelier
Caledonia,Eden
Caledonia,Elmore
Caledonia,Enosburg
Caledonia,Essex
Caledonia,Essex Junction
Caledonia,Fair Haven
Caledonia,Fairfax
Caledonia,Fairfield
Caledonia,Fairlee
Caledonia,Fayston
Caledonia,Ferdinand
Caledonia,Ferrisburgh
Caledonia,Fletcher
Caledonia,Franklin
Caledonia,Georgia
Caledonia,Glastenbury
Caledonia,Glover
Caledonia,Goshen
Caledonia,Grafton
Caledonia,Granby
Caledonia,Grand Isle
Caledonia,Granville
Caledonia,Greensboro
Caledonia,Groton
Caledonia,Guildhall
Caledonia,Guilford
Caledonia,Halifax
Caledonia,Hancock
Caledonia,Hardwick
Caledonia,Hartford
Caledonia,Hartland
Caledonia,Highgate
Caledonia,Hinesburg
Caledonia,Holland
Caledonia,Hubbardton
Caledonia,Huntington
Caledonia,Hyde Park
Caledonia,Ira
Caledonia,Irasburg
Caledonia,Isle La Motte
Caledonia,Jamaica
Caledonia,Jay
Caledonia,Jericho
Caledonia,Johnson
Caledonia,Killington
Caledonia,Kirby
Caledonia,Landgrove
Caledonia,Leicester
Caledonia,Lemington
Caledonia,Lewis
Caledonia,Lincoln
Caledonia,Londonderry
Caledonia,Lowell
Caledonia,Ludlow
Caledonia,Lunenburg
Caledonia,Lyndon
Caledonia,Maidstone
Caledonia,Manchester
Caledonia,Marlboro
Caledonia,Marshfield
Caledonia,Mendon
Caledonia,Middlebury
Caledonia,Middlesex
Caledonia,Middletown Springs
Caledonia,Milton
Caledonia,Monkton
Caledonia,Montgomery
Caledonia,Montpelier
Caledonia,Moretown
Caledonia,Morgan
Caledonia,Morristown
Caledonia,Mount Holly
Caledonia,Mount Tabor
Caledonia,New Haven
Caledonia,Newark
Caledonia,Newbury
Caledonia,Newfane
Caledonia,Newport City
Caledonia,Newport Town
Caledonia,North Hero
Caledonia,Northfield
Caledonia,Norton
Caledonia,Norwich
Caledonia,Orange
Caledonia,Orleans
Caledonia,Orwell
Caledonia,Panton
Caledonia,Pawlet
Caledonia,Peacham
Caledonia,Peru
Caledonia,Pittsfield
Caledonia,Pittsford
Caledonia,Plainfield
Caledonia,Plymouth
Caledonia,Pomfret
Caledonia,Poultney
Caledonia,Pownal
Caledonia,Proctor
Caledonia,Putney
Caledonia,Randolph
Caledonia,Reading
Caledonia,Readsboro
Caledonia,Richford
Caledonia,Richmond
Caledonia,Ripton
Caledonia,Rochester
Caledonia,Rockingham
Caledonia,Roxbury
Caledonia,Royalton
Caledonia,Rupert
Caledonia,Rutland City
Caledonia,Rutland Town
Caledonia,Ryegate
Caledonia,Salisbury
Caledonia,Sandgate
Caledonia,Searsburg
Caledonia,Shaftsbury
Caledonia,Sharon
Caledonia,Sheffield
Caledonia,Shelburne
Caledonia,Sheldon
Caledonia,Shoreham
Caledonia,Shrewsbury
Caledonia,Somerset
Caledonia,South Burlington
Caledonia,South Hero
Caledonia,Springfield
Caledonia,St. Albans City
Caledonia,St. Albans Town
Caledonia,St. George
Caledonia,St. Johnsbury
Caledonia,Stamford
Caledonia,Stannard
Caledonia,Starksboro
Caledonia,Stockbridge
Caledonia,Stowe
Caledonia,Strafford
Caledonia,Stratton
Caledonia,Sudbury
Caledonia,Sunderland
Caledonia,Sutton
Caledonia,Swanton
Caledonia,Thetford
Caledonia,Tinmouth
Caledonia,Topsham
Caledonia,Townshend
Caledonia,Troy
Caledonia,Tunbridge
Caledonia,Underhill
Caledonia,Vergennes
Caledonia,Vernon
Caledonia,Vershire
Caledonia,Victory
Caledonia,Waitsfield
Caledonia,Walden
Caledonia,Wallingford
Caledonia,Waltham
Caledonia,Wardsboro
Caledonia,Warren
Caledonia,Warren Gore
Caledonia,Washington
Caledonia,Waterbury
Caledonia,Waterford
Caledonia,Waterville
Caledonia,Weathersfield
Caledonia,Wells
Caledonia,Wells River
Caledonia,West Fairlee
Caledonia,West Haven
Caledonia,West Rutland
Caledonia,West Windsor
Caledonia,Westfield
Caledonia,Westford
Caledonia,Westminster
Caledonia,Westmore
Caledonia,Weston
Caledonia,Weybridge
Caledonia,Wheelock
Caledonia,Whiting
Caledonia,Whitingham
Caledonia,Williamstown
Caledonia,Williston
Caledonia,Wilmington
Caledonia,Windham
Caledonia,Windsor
Caledonia,Winhall
Caledonia,Winooski
Caledonia,Wolcott
Caledonia,Woodbury
Caledonia,Woodford
Caledonia,Woodstock
Caledonia,Worcester
Chittenden,Bolton
Chittenden,Buels Gore
Chittenden,Burlington
Chittenden,Charlotte
Chittenden,Colchester
Chittenden,Essex
Chittenden,Essex Junction
Chittenden,Hinesburg
Chittenden,Huntington
Chittenden,Jericho
Chittenden,Milton
Chittenden,Richmond
Chittenden,Shelburne
Chittenden,South Burlington
Chittenden,St. George
Chittenden,Underhill
Chittenden,Westford
Chittenden,Williston
Chittenden,Winooski
Essex,Averill
Essex,Bloomfield
Essex,Brighton
Essex,Brunswick
Essex,Canaan
Essex,Concord
Essex,East Haven
Essex,Ferdinand
Essex,Granby
Essex,Guildhall
Essex,Lemington
Essex,Lewis
Essex,Lunenburg
Essex,Maidstone
Essex,Norton
Essex,Victory
Essex,Warren Gore
Franklin,Bakersfield
Franklin,Berkshire
Franklin,Enosburg
Franklin,Fairfax
Franklin,Fairfield
Franklin,Fletcher
Franklin,Franklin
Franklin,Georgia
Franklin,Highgate
Franklin,Montgomery
Franklin,Richford
Franklin,Sheldon
Franklin,St. Albans City
Franklin,St. Albans Town
Franklin,Swanton
Grand Isle,Alburgh
Grand Isle,Grand Isle
Grand Isle,Isle La Motte
Grand Isle,North Hero
Grand Isle,South Hero
Lamoille,Belvidere
Lamoille,Cambridge
Lamoille,Eden
Lamoille,Elmore
Lamoille,Hyde Park
Lamoille,Johnson
Lamoille,Morristown
Lamoille,Stowe
Lamoille,Waterville
Lamoille,Wolcott
Orange,Bradford
Orange,Braintree
Orange,Brookfield
Orange,Chelsea
Orange,Corinth
Orange,Fairlee
Orange,Newbury
Orange,Orange
Orange,Randolph
Orange,Strafford
Orange,Thetford
Orange,Topsham
Orange,Tunbridge
Orange,Vershire
Orange,Washington
Orange,Wells River
Orange,West Fairlee
Orange,Williamstown
Orleans,Albany
Orleans,Barton
Orleans,Brownington
Orleans,Charleston
Orleans,Coventry
Orleans,Craftsbury
Orleans,Derby
Orleans,Glover
Orleans,Greensboro
Orleans,Holland
Orleans,Irasburg
Orleans,Jay
Orleans,Lowell
Orleans,Morgan
Orleans,Newport City
Orleans,Newport Town
Orleans,Orleans
Orleans,Troy
Orleans,Westfield
Orleans,Westmore
Rutland,Benson
Rutland,Brandon
Rutland,Castleton
Rutland,Chittenden
Rutland,Clarendon
Rutland,Danby
Rutland,Fair Haven
Rutland,Hubbardton
Rutland,Ira
Rutland,Killington
Rutland,Mendon
Rutland,Middletown Springs
Rutland,Mount Holly
Rutland,Mount Tabor
Rutland,Pawlet
Rutland,Pittsfield
Rutland,Pittsford
Rutland,Poultney
Rutland,Proctor
Rutland,Rutland City
Rutland,Rutland Town
Rutland,Shrewsbury
Rutland,Sudbury
Rutland,Tinmouth
Rutland,Wallingford
Rutland,Wells
Rutland,West Haven
Rutland,West Rutland
Washington,Barre City
Washington,Barre Town
Washington,Berlin
Washington,Cabot
Washington,Calais
Washington,Duxbury
Washington,East Montpelier
Washington,Fayston
Washington,Marshfield
Washington,Middlesex
Washington,Montpelier
Washington,Moretown
Washington,Northfield
Washington,Plainfield
Washington,Roxbury
Washington,Waitsfield
Washington,Warren
Washington,Waterbury
Washington,Woodbury
Washington,Worcester
Windham,Athens
Windham,Brattleboro
Windham,Brookline
Windham,Dover
Windham,Dummerston
Windham,Grafton
Windham,Guilford
Windham,Halifax
Windham,Jamaica
Windham,Londonderry
Windham,Marlboro
Windham,Newfane
Windham,Putney
Windham,Rockingham
Windham,Somerset
Windham,Stratton
Windham,Townshend
Windham,Vernon
Windham,Wardsboro
Windham,Westminster
Windham,Whitingham
Windham,Wilmington
Windham,Windham
Windsor,Addison
Windsor,Albany
Windsor,Alburgh
Windsor,Andover
Windsor,Arlington
Windsor,Athens
Windsor,Averill
Windsor,Bakersfield
Windsor,Baltimore
Windsor,Barnard
Windsor,Barnet
Windsor,Barre City
Windsor,Barre Town
Windsor,Barton
Windsor,Belvidere
Windsor,Bennington
Windsor,Benson
Windsor,Berkshire
Windsor,Berlin
Windsor,Bethel
Windsor,Bloomfield
Windsor,Bolton
Windsor,Bradford
Windsor,Braintree
Windsor,Brandon
Windsor,Brattleboro
Windsor,Bridgewater
Windsor,Bridport
Windsor,Brighton
Windsor,Bristol
Windsor,Brookfield
Windsor,Brookline
Windsor,Brownington
Windsor,Brunswick
Windsor,Buels Gore
Windsor,Burke
Windsor,Burlington
Windsor,Cabot
Windsor,Calais
Windsor,Cambridge
Windsor,Canaan
Windsor,Castleton
Windsor,Cavendish
Windsor,Charleston
Windsor,Charlotte
Windsor,Chelsea
Windsor,Chester
Windsor,Chittenden
Windsor,Clarendon
Windsor,Colchester
Windsor,Concord
Windsor,Corinth
Windsor,Cornwall
Windsor,Coventry
Windsor,Craftsbury
Windsor,Danby
Windsor,Danville
Windsor,Derby
Windsor,Dorset
Windsor,Dover
Windsor,Dummerston
Windsor,Duxbury
Windsor,East Haven
Windsor,East Montpelier
Windsor,Eden
Windsor,Elmore
Windsor,Enosburg
Windsor,Essex
Windsor,Essex Junction
Windsor,Fair Haven
Windsor,Fairfax
Windsor,Fairfield
Windsor,Fairlee
Windsor,Fayston
Windsor,Ferdinand
Windsor,Ferrisburgh
Windsor,Fletcher
Windsor,Franklin
Windsor,Georgia
Windsor,Glastenbury
Windsor,Glover
Windsor,Goshen
Windsor,Grafton
Windsor,Granby
Windsor,Grand Isle
Windsor,Granville
Windsor,Greensboro
Windsor,Groton
Windsor,Guildhall
Windsor,Guilford
Windsor,Halifax
Windsor,Hancock
Windsor,Hardwick
Windsor,Hartford
Windsor,Hartland
Windsor,Highgate
Windsor,Hinesburg
Windsor,Holland
Windsor,Hubbardton
Windsor,Huntington
Windsor,Hyde Park
Windsor,Ira
Windsor,Irasburg
Windsor,Isle La Motte
Windsor,Jamaica
Windsor,Jay
Windsor,Jericho
Windsor,Johnson
Windsor,Killington
Windsor,Kirby
Windsor,Landgrove
Windsor,Leicester
Windsor,Lemington
Windsor,Lewis
Windsor,Lincoln
Windsor,Londonderry
Windsor,Lowell
Windsor,Ludlow
Windsor,Lunenburg
Windsor,Lyndon
Windsor,Maidstone
Windsor,Manchester
Windsor,Marlboro
Windsor,Marshfield
Windsor,Mendon
Windsor,Middlebury
Windsor,Middlesex
Windsor,Middletown Springs
Windsor,Milton
Windsor,Monkton
Windsor,Montgomery
Windsor,Montpelier
Windsor,Moretown
Windsor,Morgan
Windsor,Morristown
Windsor,Mount Holly
Windsor,Mount Tabor
Windsor,New Haven
Windsor,Newark
Windsor,Newbury
Windsor,Newfane
Windsor,Newport City
Windsor,Newport Town
Windsor,North Hero
Windsor,Northfield
Windsor,Norton
Windsor,Norwich
Windsor,Orange
Windsor,Orleans
Windsor,Orwell
Windsor,Panton
Windsor,Pawlet
Windsor,Peacham
Windsor,Peru
Windsor,Pittsfield
Windsor,Pittsford
Windsor,Plainfield
Windsor,Plymouth
Windsor,Pomfret
Windsor,Poultney
Windsor,Pownal
Windsor,Proctor
Windsor,Putney
Windsor,Randolph
Windsor,Reading
Windsor,Readsboro
Windsor,Richford
Windsor,Richmond
Windsor,Ripton
Windsor,Rochester
Windsor,Rockingham
Windsor,Roxbury
Windsor,Royalton
Windsor,Rupert
Windsor,Rutland City
Windsor,Rutland Town
Windsor,Ryegate
Windsor,Salisbury
Windsor,Sandgate
Windsor,Searsburg
Windsor,Shaftsbury
Windsor,Sharon
Windsor,Sheffield
Windsor,Shelburne
Windsor,Sheldon
Windsor,Shoreham
Windsor,Shrewsbury
Windsor,Somerset
Windsor,South Burlington
Windsor,South Hero
Windsor,Springfield
Windsor,St. Albans City
Windsor,St. Albans Town
Windsor,St. George
Windsor,St. Johnsbury
Windsor,Stamford
Windsor,Stannard
Windsor,Starksboro
Windsor,Stockbridge
Windsor,Stowe
Windsor,Strafford
Windsor,Stratton
Windsor,Sudbury
Windsor,Sunderland
Windsor,Sutton
Windsor,Swanton
Windsor,Thetford
Windsor,Tinmouth
Windsor,Topsham
Windsor,Townshend
Windsor,Troy
Windsor,Tunbridge
Windsor,Underhill
Windsor,Vergennes
Windsor,Vernon
Windsor,Vershire
Windsor,Victory
Windsor,Waitsfield
Windsor,Walden
Windsor,Wallingford
Windsor,Waltham
Windsor,Wardsboro
Windsor,Warren
Windsor,Warren Gore
Windsor,Washington
Windsor,Waterbury
Windsor,Waterford
Windsor,Waterville
Windsor,Weathersfield
Windsor,Wells
Windsor,Wells River
Windsor,West Fairlee
Windsor,West Haven
Windsor,West Rutland
Windsor,West Windsor
Windsor,Westfield
Windsor,Westford
Windsor,Westminster
Windsor,Westmore
Windsor,Weston
Windsor,Weybridge
Windsor,Wheelock
Windsor,Whiting
Windsor,Whitingham
Windsor,Williamstown
Windsor,Williston
Windsor,Wilmington
Windsor,Windham
Windsor,Windsor
Windsor,Winhall
Windsor,Winooski
Windsor,Wolcott
Windsor,Woodbury
Windsor,Woodford
Windsor,Woodstock
Windsor,Worcester
