Name,Active?
Price,No
Beds,No
Baths,No
Square Feet,No
Lot Size,No
Year Built,No
Short Sale,No
Foreclosure,No
Pool,No
Mls Number,No
Address,No
School District,No
Style,No
Building Name,No
Agent Id,No
Office Id,No
Selling Agent Id,No
Selling Office Id,No
Sold Price,No
Sold Within,No
Street Name,No
Waterfront,No
Garage,No
Basement,No
Acres,No
Water Type,No
Total # of Units,No
Square Ft,No
Total Fin Sqft,No
Buyer ID,No
Construction Status,No
Seasonal,No
Garage Spaces,No
In Law Suite,No
Water Body Access,No
Waterfront Rights,No
Village,No
Exterior Features,No
Interior Features,No
Water View,No
Lot Description,No
Parking Type,No
Property Type,No
Status,No
